doc,sen_idx,sentence,sum_content
0,0,경기 평택시는 일정 규모의 재난 피해에 대해 보상이 가능하도록 조례 제정을 추진하고 있다고 15일 밝혔다.,1
0,1,"시는 국가 차원에서 특별재난지역으로 선포되지 않았지만, 자체적으로 재난안전대책본부가 차려진 피해의 복구 및 및 생계자금 지원을 위해 '평택시 사회재난 구호 및 복구 지원에 관한 조례안'을 시의회 의결을 거쳐 오는 3월부터 시행할 방침이다.",1
0,2,조례안은 시의 행정·재정적 능력이 부족할 경우 경기도의 지원을 받을 수 있도록 규정하고 있다.,0
0,3,"시 관계자는 ""현행법은 특별재난지역으로 선포된 지역에 한해 국고 지원이 가능하다""면서 ""사회재난 구호 조례를 통해 피해 구호 범위를 확대할 방침""이라고 말했다.",0
1,0,설 연휴 기간 병원이나 약국을 가야 한다면 120 다산콜센터나 119에 전화해 문 연 곳을 물어보면 된다.,1
1,1,"서울시는 이달 15∼18일 시청과 자치구별로 ‘응급진료상황실’을 설치하고, 응급·당직의료기관과 휴일 지킴이약국을 지정·운영한다.",1
1,2,연휴 기간 서울 시내 67개 응급의료기관과 종합병원 응급실은 평소처럼 24시간 운영된다. ,1
1,3,당직의료기관은 운영시간을 확인하고 이용해야 한다.,0
1,4," 연휴 때 우리 동네에서 문을 연 병원·의원과 약국은 전화, 인터넷, 스마트폰 앱으로 확인할 수 있다.",0
1,5,"119구급상황관리센터, 서울시, 자치구, 중앙응급의료센터홈페이지에서 확인할 수 있다.",0
1,6," 국번 없이 119나 120을 누르면 안내받을 수 있고, 스마트폰 앱 ‘응급의료정보제공’을 통해서도 가능하다.",0
2,0,18일 자원봉사자 격려하고 알파인스키·컬링 등 관람 예정,0
2,1,이낙연 국무총리는 4일간의 설 연휴 기간 휴식을 취하면서 새해 정국 구상을 가다듬을 예정이다.,1
2,2,15일 총리실에 따르면 이 총리는 이날부터 17일까지 공개일정을 잡지 않고 서울 총리공관에 머물며 휴식을 취한다. ,0
2,3,"부인 김숙희 여사와 아들 내외, 손주들과 시간을 보낼 예정이다.",0
2,4,평소 책을 즐겨 읽는 것으로 알려진 이 총리는 이번 설 연휴에도 독서에 집중할 것으로 보인다.,0
2,5,"이 총리는 지난해 추석연휴 기간 게르하르트 슈뢰더 자서전, 시진핑 평전, 논어 등을 읽은 뒤 자신의 페이스북에 감상평을 남기며 페북 친구들에게 권하기도 했다.",1
2,6,이 총리는 연휴기간 잇따르는 재해재난 등 각종 현안에 대한 검토를 하는 데도 많은 시간을 할애할 것으로 예상된다.,1
2,7,문재인 대통령이 남북관계와 대북구상에 집중한다면 이 총리는 국내에 산적한 현안들을 주로 살필 것으로 보인다.,0
2,8,"제천 화재, 밀양 화재 등 잇따르는 참사를 근본적으로 차단하기 위해 진행하는 국가안전대진단을 꼼꼼히 진행해야 하는 한편 노동혁신에 따른 소상공인들의 애로, 암호화폐(가상화폐), 적폐청산, 개헌 등 장기적으로 풀어야 할 현안이 많다.",0
2,9,여기에 최근 한국 지엠(GM) 군산공장 폐쇄 결정에 따른 지역경제 위축 문제 등도 이슈로 떠올랐다.,0
2,10,이 총리는 3일간 휴식을 취한 뒤 연휴 마지막날인 18일 강원 평창을 찾아 자원봉사자와 조직위원회 관계자들을 격려한다.,0
2,11,"이 총리는 평창올림픽을 하루 앞두고 발신한 메시지로 ""특히 생업을 미루고 여러 불편을 감내하며 궂은일을 맡아 준 자원봉사자 여러분에게 미안하고 고맙다""며 각별한 관심을 보였다.",0
2,12,근무자를 격려한 뒤에는 알파인스키와 컬링 경기를 관람할 것으로 전해졌다. ,0
2,13,"18일에는 알파인스키 남자 대회전 경기가 예정돼 있으며 컬링에서는 한국팀이 각각 덴마크(남자), 중국(여자)과 각각 예선을 치른다.",0
2,14,설 연휴에 앞서 이 총리는 충남 예산소방서와 서울 동대문경찰서를 찾아 근무자들을 위로하고 비상대비태세를 확인했다. ,0
2,15,장애인 사회복지시설도 방문했으며 서울 청량리역에서 교통상황도 점검했다.,0
2,16,"공식업무에 복귀하는 다음주에는 핀란드 총리를 면담하고 국무회의, 국정현안점검조정회의, 국민안전안심위원회, 국가과학기술심의회 등을 주재한다.",0
3,0,행정팀 = 미국 플로리다주 남부 파크랜드의 한 고등학교에서 14일 오후(현지시간) 발생한 총격사건으로 최소 17명이 사망한 것으로 알려진 가운데 현재까지 우리 국민의 피해 상황은 없는 것으로 파악되고 있다.,1
3,1,"외교부 당국자는 15일 ""현지 공관원 등을 파견해 우리 국민 피해 여부를 파악 중이지만 현재까지 영사콜센터에 접수된 우리 국민 피해 신고는 없다""면서 이같이 밝혔다. ",1
3,2, 외신에 따르면 플로리다주 파크랜드의 마저리 스톤먼 더글라스 고등학교에서 한 남성이 소총을 난사해 현재까지 17명이 사망했다. ,0
3,3, 이 사건으로 19세의 용의자 니콜라스 크루즈가 체포되었으며 현지 수사관들은 사건 전말을 조사 중이다. ,0
3,4,용의자는 이 학교 학생이었으나 교칙위반 등의 이유로 퇴학당한 것으로 알려졌다. ,0
4,0,경기 평택시는 일정 규모의 재난 피해에 대해 보상이 가능하도록 조례 제정을 추진하고 있다고 15일 밝혔다. ,1
4,1,"시는 국가 차원에서 특별재난지역으로 선포되지 않았지만, 자체적으로 재난안전대책본부가 차려진 피해의 복구 및 및 생계자금 지원을 위해 '평택시 사회재난 구호 및 복구 지원에 관한 조례안'을 시의회 의결을 거쳐 오는 3월부터 시행할 방침이다.",1
4,2,조례안은 시의 행정·재정적 능력이 부족할 경우 경기도의 지원을 받을 수 있도록 규정하고 있다.,0
4,3,"시 관계자는 ""현행법은 특별재난지역으로 선포된 지역에 한해 국고 지원이 가능하다""면서 ""사회재난 구호 조례를 통해 피해 구호 범위를 확대할 방침""이라고 말했다.",0
5,0,설 연휴 기간 병원이나 약국을 가야 한다면 120 다산콜센터나 119에 전화해 문 연 곳을 물어보면 된다.,1
5,1,"서울시는 이달 15∼18일 시청과 자치구별로 ‘응급진료상황실’을 설치하고, 응급·당직의료기관과 휴일 지킴이약국을 지정·운영한다.",1
5,2,연휴 기간 서울 시내 67개 응급의료기관과 종합병원 응급실은 평소처럼 24시간 운영된다. ,1
5,3,당직의료기관은 운영시간을 확인하고 이용해야 한다.,0
5,4,"연휴 때 우리 동네에서 문을 연 병원·의원과 약국은 전화, 인터넷, 스마트폰 앱으로 확인할 수 있다.",0
5,5,"119구급상황관리센터, 서울시, 자치구, 중앙응급의료센터홈페이지에서 확인할 수 있다.",0
5,6,"국번 없이 119나 120을 누르면 안내받을 수 있고, 스마트폰 앱 ‘응급의료정보제공’을 통해서도 가능하다.",0
6,0,김부겸 행정안전부 장관이 14일 설 명절을 맞아 경기도 성남시 서울고속도로순찰대를 방문하여 전국 교통흐름 등 고속도로 CCTV로 실시간 확인하고 교통사고 발생시 2차 사고 방지를 위해 사용되는 비상불꽃 장비를 시연해 보고 있다.,1
6,1,공감언론 뉴시스가 독자 여러분의 소중한 제보를 기다립니다. ,1
6,2,"뉴스 가치나 화제성이 있다고 판단되는 사진 또는 영상을 뉴시스 사진영상부(n-photo@newsis.com, 02-721-7470)로 보내주시면 적극 반영하겠습니다.",1
7,0,김부겸 행정안전부 장관이 14일 설 명절을 맞아 경기도 성남시 서울고속도로순찰대를 방문하여 전국 교통흐름 등 고속도로 CCTV로 실시간 확인하고 교통사고 발생시 2차 사고 방지를 위해 사용되는 비상불꽃 장비를 시연해 보고 있다.,1
7,1,공감언론 뉴시스가 독자 여러분의 소중한 제보를 기다립니다. ,1
7,2,"뉴스 가치나 화제성이 있다고 판단되는 사진 또는 영상을 뉴시스 사진영상부(n-photo@newsis.com, 02-721-7470)로 보내주시면 적극 반영하겠습니다.",1
8,0,행정팀 = 정부는 14일 북한의 평창 동계올림픽 참가와 관련해 28억6000만원을 지원하기로 결정했다.  ,1
8,1,통일부는 이날 조명균 장관 주재로 열린 제291차 남북교류협력추진협의회(교추협)에서 이같은 내용의 '2018 평창올림픽 대회 북한 참가단 관련 남북협력기금 지원안'을 심의·의결했다고 밝혔다. ,1
8,2,남북협력기금에서 지원되는 이 금액에는 다음달에 열리는 평창 동계패럴림픽에 파견되는 북한 선수단 등 150명에 대한 경비는 포함되지 않았다. ,0
8,3,이에 대해서는 추후 논의될 예정이다. ,0
8,4, 이번 지원은 남북이 지난달 17일 차관급 실무회담에서 평창 동계올림픽의 북한 참가와 관련해 북측의 편의를 제공키로 한다고 합의한 데 따른 것이다. ,0
9,0,이낙연 국무총리가 14일 서울 청량리역 보안검색대에서 보안검사를 받고 있다.,1
9,1,코레일은 올림픽 기간동안 강릉행 열차 이용객을 대상으로 보안검색을 실시하고 있다.,1
10,0,"제주도의회, 랜딩카지노 확장이전 관련 행정절차 안건 처리",0
10,1,국내 최대 리조트인 제주신화월드에 대규모 외국인 전용 카지노를 개장하는 문제가 다시 최종 결정권이 있는 제주도로 넘어갔다.,1
10,2,"제주도의회는 14일 제358회 임시회 제2차 본회의를 열어 '랜딩카지노업 영업장소의 면적 변경허가 신청에 따른 의견 제시의 건'을 재석의원 32명 중 찬성 28명, 반대 4명으로 가결했다.",1
10,3,이 안건은 서귀포 하얏트 호텔의 랜딩카지노를 신화월드로 확장 이전하는 변경허가 승인을 하기 전 제주도가 도의회에 의견을 묻는 행정 절차다.,1
10,4,제주특별자치도 카지노업 관리 및 감독에 관한 조례'는 영업장소 변경과 관련해 새 영업장이 기존면적의 2배 이상 초과하는 경우 도의회의 의견을 묻도록 규정하고 있다. ,0
10,5,"도의회는 카지노 대형카지노 난립 규제 정책을 마련을 요구하는 등 14가지 의견서를 도에 제출하기로 하고, 해당 안건을 최종 처리했다.",0
10,6,결국 '카지노 대형화의 신호탄' 논란을 빚고 있는 변경허가 승인 문제와 관련해 최종 허가권자인 원희룡 제주지사에게로 공이 넘어간 셈이다.,0
10,7,변경허가가 나게 되면 랜딩카지노는 도내 8개 외국인 전용 카지노 중 가장 큰 규모의 카지노가 된다. ,0
10,8,이외에도 제주시 한동·평대 지역을 해상풍력발전지구로 지정하는 내용을 담은 '한동·평대 해상풍력발전지구 지정 동의안'과 대규모 관광개발사업 사업자의 적격성 및 자본에 대한 객관적인 검증 방안을 담은 '제주특별자치도 개발사업시행 승인 등에 관한 조례 일부개정조례안'도 이날 본회의를 통과했다.,0
10,9,제주도가 한진그룹 계열 한국공항의 제주 지하수 증산 허가신청 철회를 요청함에 따라 본회의에 상정된 '한국공항㈜ 지하수 개발·이용 변경허가 동의안 철회 동의의 건'도 가결 처리됐다.,0
10,10,이로써 지하수 증산 허가를 놓고 빚어진 논란도 일단락됐다.,0
10,11,"고충홍 제주도의회 의장은 폐회사를 통해 ""유례없던 추위와 폭설로 큰 피해를 남겼던 겨울이 서서히 물러나고 있다""며 신속한 피해복구를 위한 다각적인 대책 마련을 제주도에 주문했다. ",0
10,12,"또 ""지난 7일 국회 본회의에 상정이 기대됐던 도의회 의원정수 확대 및 연동형 비례대표 도입을 골자로 한 제주특별법 개정안이 유보됐다""며 ""오는 20일 예정된 국회 본회의에서 법안이 처리될 수 있기를 촉구한다""고 덧붙였다.",0
11,0,인도에서 30대 한국여성이 현지 남성 5명에서 살해위협과 성희롱을 당하는 사건이 발생했다.,1
11,1,한국대사관은 인도 측에 철저한 수사와 처벌을 요구했다고 현지 언론과 대사관이 전했다. ,1
11,2,한국인 여성 회사원 A씨는 지난 10일 오후 인도인 지인과 함께 뉴델리 인근 산업도시 구르가온의 한 대학 근처를 걷다가 현지 남성 5명에게 둘러 싸였다. ,0
11,3,인도 남성 5명은 A씨와 인도인 지인을 휴대전화로 촬영하고 A씨가 거부했음에도 함께 셀카를 찍으려 시도했으며 이에 항의하는 A씨의 손을 잡아채고 살해하겠다고 협박한 것으로 알려졌다. ,0
11,4,A씨와 지인은 소리치며 차로 달아난 뒤 경찰에 신고했다. ,0
11,5,"인도 현지 경찰은 탐문 끝에 다음날 용의자 5명 가운데 4명을 찾아 성희롱, 협박, 폭행 등 혐의로 체포했다. ",0
11,6,그러나 나머지 1명을 추적 중이다. ,0
11,7,인도에서 성희롱은 3년 이하 징역형으로 처벌된다. ,0
11,8,한국대사관 관계자는 “이번 사건 소식을 접한 후 관할 경찰에 연락해 철저한 수사와 공정한 처벌을 요청했다”고 밝혔다.,0
12,0,현송월 북한 삼지연관현악단 단장이 북한으로 돌아간 뒤에도 실세임을 입증했다.,1
12,1,북한 노동당 기관지 노동신문은 방한 공연을 마치고 평양에 귀환한 현송월 단장 등 삼지연관현악단 멤버들이 김정은 북한 노동당 위원장을 만나 인사를 나누고 기념사진을 찍었다고 13일 보도했다. ,1
12,2,"현송월 단장은 지난 6일 방한해 8일 강릉, 11일 서울 공연을 마치고 12일 북한으로 돌아갔다.",0
12,3,북한이 이날 공개한 삼지연관현악단 사진에선 현송월 단장이 존재감을 드러냈다. ,0
12,4,김정은 북한 노동당 위원장이 방한 공연을 마치고 평양에 귀환한 현송월 단장 등 삼지연관현악단 멤버들을 만나 기념사진을 찍었다고 노동신문이 13일 보도했다.,0
12,5,현 단장은 정장을 입고 김 위원장과 같은 앞줄에 앉아서 사진을 찍었다. ,0
12,6,반면 삼지연관현악단 단원들은 연습복 차림에 부동 자세로 서서 포즈를 취했다.,0
12,7,현 단장이 김 위원장 바로 옆에 앉아 있는 모습에서 북한 내 그의 입지가 얼마나 높은지를 알 수 있다.,0
12,8,현 단장은 11일 서울 국립극장 해오름극장에서 열린 삼지연관현악단의 마지막 공연에 등장해 ‘백두와 한나(한라)는 내 조국’을 불렀다.,0
12,9, 이날 깜짝 공연을 펼친 현 단장은 능숙한 무대 매너로 관중의 시선을 사로잡았다. ,0
12,10,김정은 북한 노동당 위원장이 남쪽에서 공연을 마치고 평양에 귀환한 현송월 단장 등 삼지연관현악단 멤버들을 만나 기념사진을 찍었다고 노동신문이 13일 보도했다. 사진=노동신문,0
12,11,현 단장은 문재인 대통령과 김여정 노동당 중앙위 제1부부장이 지켜보는 가운데 통일의 메시지를 전달했다.,0
12,12,그는 “통일을 바라는 절절한 마음들과 화해를 바라는 뜨거운 심장이 한자리에 모였다”며 “이 밤이 새도록 통일의 노래가 공연장에 울리면 좋겠다”고 말했다. ,0
12,13,그는 또 “온 민족이 함께하는 자리에서 화해와 단합의 소리를 저의 작은 목소리로 합치기 위해 노래 한 곡 하겠다”고 덧붙였다.,0
13,0,전북 임실군은 민선 6기 공약사업이자 도정 핵심시책인 삼락농정의 일환으로 농업인 마을공동급식사업을 추진한다고 14일 밝혔다.,1
13,1,마을공동급식 사업은 여성농업인의 급식 준비로 인한 생산성 저하 및 일손 부족을 해결하고 여성농업인의 근로 여건개선을 목적으로 추진된다.,1
13,2,올해 마을공동급식 지원사업 대상은 51개 마을이다. ,1
13,3,"마을당 조리원 인건비, 식재료비·위생비 등 305만원을 지원한다. ",0
13,4,지난해에는 32개 마을에서 이 사업이 진행됐다.,0
13,5,"심민 군수는 “마을공동급식사업은 고령화에 따른 농번기 일손부족을 해소하기 위한 특화된 서비스로서, 농업인들의 삶의 질 향상에 크게 도움이 될 것”이라며 “농촌지역의 공동체 문화를 만들어가는 데 매우 필요한 정책인 만큼 앞으로도 다양한 농업인 복지정책을 발굴해 나가는 데 노력하겠다”고 말했다.",0
14,0,김부겸 행정안전부 장관이 14일  설 명절을 맞아 서울 송파구 가락119안전센터를 방문하여 소방대원들을 격려하고 소방 구급장비 등을 살펴보고 있다.,1
14,1,공감언론 뉴시스가 독자 여러분의 소중한 제보를 기다립니다. ,1
14,2,"뉴스 가치나 화제성이 있다고 판단되는 사진 또는 영상을 뉴시스 사진영상부(n-photo@newsis.com, 02-721-7470)로 보내주시면 적극 반영하겠습니다.",1
15,0,서일준 전 거제부시장이 14일 거제시청에서 기자회견을 열어 거제시장 선거 출마를 선언했다.,1
15,1,"서 전 부시장은 ""변화를 통해 새로운 희망을 만들어 달라는 시민들의 목소리를 확인했다""며 ""다양한 행정 경험, 풍부한 인적 네트워크를 바탕으로 새로운 거제호의 나침반과 지도가 되겠다""고 말했다.",1
15,2,"거제 출신인 그는 경남도 재난안전건설본부장, 문화관광체육국장 등을 거쳐 지난달 말까지 거제시 부시장으로 근무하다 최근 사직했다.",1
15,3,서 전 부시장은 최근 자유한국당에 입당했다.,0
16,0,익산시는 올해 6·13 지방선거의 차질없는 진행을 위해 ‘주민등록 사실조사’를 실시한다고 14일 밝혔다.,1
16,1,올해 주민등록 사실조사는 3월30일까지 진행된다.,1
16,2,"시는 읍·면·동 행정복지센터 공무원과 통장 등으로 구성된 합동조사반을 편성, 세대별 방문을 통해 주민등록 사항과 실제 거주사실 일치 여부를 확인한다.",0
16,3,거주지 변동 후 미신고자에 대해서는 전입신고를 적극 유도하고 100세 이상 고령자 거주 및 생존 여부 등도 파악할 예정이다.,0
16,4,또 무단전출자와 허위신고자는 공고 등의 절차를 거쳐 직권조치하고 거주불명등록자에 대해서는 재등록을 적극 안내할 계획이다.,0
16,5,"특히 주민등록 사실조사 기간 중에 자진 신고를 통해 주민등록사항을 정리하는 사람에 대해서는 과태료를 50％ 경감 부과하고, 과태료를 자진 납부하는 경우에는 20％를 추가 경감한다.",0
16,6,시 관계자는 “주민등록 사실조사는 주민의 행정편익 증진과 행정사무의 효율적인 추진을 위한 것이다”며 “주민들의 적극적인 협조를 부탁드린다”고 말했다.,0
17,0,여야 지도부는 설 명절을 하루 앞둔 14일 서울의 주요 역사 앞에서 귀성객들을 만나 명절 민심 잡기 경쟁을 벌였다. ,1
17,1,"더불어민주당은 평창올림픽과 남북대화 재개 등을 주제로 국민들의 관심과 성원을 당부한 반면, 야당은 정부의 실정을 알리는데 주력했다. ",0
17,2,또 창당 뒤 첫 명절 인사에 나선 바른미래당과 민주평화당은 대안을 찾는 야당이 되겠다며 각각 각오를 다졌다.,0
17,3,이번 설 명절은 6.13 지방선거를 넉달 앞둔 시점이라는 점에서 정치권이 특히 민심에 공을 들이고 있다. ,0
17,4,더불어민주당 추미애 대표와 우원식 원내대표 등 지도부는 이날 오전 서울역 강릉행 열차 플랫폼에서 강원도 고향길을 찾는 시민들을 환송하며 덕담을 나눴다.,0
17,5,"추 대표는 ""평창올림픽이 평화올림픽이 되고 북미 간 대화와 남북대화로 이어지는 평화의 이어달리기가 될 수 있도록 응원을 바란다""고 호소했다. ",0
17,6,"또 서울역 광장에서 전국언론노동조합 YTN지부 노조원, 철도비정규직노조연대회의 조합원 등을 만나 고충을 듣기도 했다.",0
17,7,"한국당 홍준표 대표, 김성태 원내대표 등 지도부도 오전에 서울역에서 귀성인사를 하며 정부의 실정을 알리는데 주력했다.",0
17,8,홍 대표 등 의원들은 '새해 복 많이 받으세요'라고 쓰여 있는 어깨띠를 두르고 직접 플랫폼으로 내려가 시민들과 인사를 나눴다.,0
17,9,"김성태 원내대표는 시민들에게 ""한국당이 대한민국의 안전과 국민의 생명을 지키는 데 더욱 열심히 하겠다""며 지지를 호소했다.",0
17,10,행사중에는 귀성 인사를 나온 바른미래당 오신환 원내대표등과 마주치자 인사를 나누기도 했다.,0
17,11,전날 창당을 마치고 출범한 바른미래당은 이날 오전 국회 본청 계단 앞에서 새해 인사를 한 뒤 박주선.유승민 공동대표와 김동철 원내대표 등 지도부가 용산역과 서울역을 잇따라 찾아 시민들에게 신당의 비전을 설명하고 명절 인사를 전했다.,1
17,12,민주평화당 조배숙 대표와 장병완 원내대표 등 당 지도부도 오전에 용산역에서 시민들을 만나 신당의 지지를 호소했다.,1
17,13,정의당 이정미 대표와 노회찬 원내대표 역시 서울역에 나가 귀향객들에게 인사를 했다. ,0
17,14,"이정미 대표는 ""아이들에게 자랑스러운 대한민국이 되도록, 공평한 기회가 주어지는 나라를 만들 수 있도록, 앞장서겠다""고 했다.",0
18,0,4억 4800만원 사업비 투입,0
18,1,광주 남구는 주민들이 편안하고 안정적인 주거 생활을 할 수 있도록 노후 중소형 아파트에 대한 시설개선 사업을 추진한다고 14일 밝혔다. ,1
18,2,"노후 중소형 아파트 시설개선 사업의 대상은 전용면적 85㎡ (약 25평)이하, 준공된 지 26년 이상이 된 아파트다. ",0
18,3,"남구는 4억 4800만원의 사업비를 투입해 시설개선 사업을 실시, 사업 대상 아파트는 남구에만 38개의 아파트 단지가 있는 것으로 파악되고 있다. ",1
18,4,"남구는 사업대상 지역에 속하는 38개 아파트 관리사무소에 노후 중소형 아파트 시설개선 사업 안내 공문을 발송했으며, 오는 23일까지 신청 접수를 받을 예정이다. ",1
18,5,"사업대상 지역 아파트 선정은 이르면 이달 말 또는 3월 초 정도에 확정될 것으로 보이며, 아파트 단지별 시설개선 사업비 투입 규모에 따라 최소 8개 단지에서 12개 단지가 선정될 계획이다. ",0
18,6,"남구 관계자는 ""사업대상 지역 아파트 단지로 선정되면 해당 아파트의 시설개선 사업비의 80％ 가량이 시비와 구비로 지원되며 20％는 자부담""이라며 ""노후된 아파트에서 거주하는 입주민들의 주거 편의를 위해 해당 사업을 차질없이 진행해 나가겠다""고 밝혔다.",0
19,0,2018년도 국가공무원 5급 공채 및 외교관 후보자 선발시험의 평균 경쟁률이 37. 3대 1로 집계됐다. ,1
19,1,인사혁신처는 지난 7∼9일 올해 국가공무원5급 공채 및 외교관후보자 선발시험 응시원서 접수 결과 383명 선발에 1만4277명이 지원해 평균 37. 3대 1의 경쟁률을 보였다고 14일 밝혔다. ,1
19,2,이는 지난해 41.1대 1의 경쟁률보다는 다소 하락한 것이다. ,0
19,3,지난해에는 383명 선발에 1만5725명이 지원했다.,0
19,4,"모집 직군별 경쟁률은 5급 행정직 40대 1, 5급 기술직 32.7대 1, 외교관 후보자 28.6대 1이었다. ",0
19,5,모집 세부단위로는 검찰직이 2명 뽑는데 244명이 몰려 122대 1의 가장 높은 경쟁률을 기록했다. ,0
19,6,"이어 교정직이 116.5대 1, 출입국관리직이 106대 1의 경쟁률을 보였다.",0
19,7,"지원자의 평균 연령은 27.7세로, 지난해 27.5세와 비슷했다. ",0
19,8,연령별로는 ▲20∼24세 4천269명(29.9%) ▲25∼29세 6천193명(43.4%) ▲30∼39세 3천236명(22.7%) ▲40∼49세 533명(3.7%) ▲50세 이상 46명(0.3%)이다. ,0
19,9,"여성 지원자는 38.0%로, 지난해 38.2%와 엇비슷했다.",0
19,10,"한편 국가공무원 5급 공채 및 외교관 후보자 선발을 위한 1차 시험은 3월10일 전국 5개 지역(서울ㆍ부산ㆍ대구ㆍ광주ㆍ대전)에서 치러지며, 1차 시험 합격자는 4월9일 사이버국가고시센터(http://gosi.kr)를 통해 발표된다.",0
20,0,"인사혁신처는 2018년도 국가공무원 5급 공채 및 외교관후보자 선발시험 응시원서를 접수한 결과, 383명 선발에 1만 4277명이 지원해 평균 37. 3대 1의 경쟁률을 보였다고 14일 밝혔다.",1
20,1,"올해 접수인원은 지난해(383명 선발, 1만5725명 접수)보다 1488명(9.2%) 감소한 것이며, 경쟁률도 다소 하락했다. ",1
20,2,"경쟁률은 2013년 31.7:1, 2014년 32:1, 2015년 35.8:1, 2016년 44.4:1, 2017년 41.1:1이었다. ",0
20,3,올해 접수인원과 경쟁률이 줄어든 이유를 수험가에서는 지난해부터 제1차 시험에 도입된 헌법 과목에 대한 준비가 부족한 일부 수험생이 지원을 포기한 영향인 것으로 분석했다. ,0
20,4,"주요 모집 직군별 경쟁률은 5급 행정직군 40:1, 5급 기술직군 32.7:1, 외교관후보자 28.6:1이었으며 모집단위로는 검찰직이 가장 높은 122:1의 경쟁률을 기록했다. ",0
20,5,접수자의 평균 연령은 27.7세로 지난해(27.5세)와 비슷했다. ,0
20,6,"연령별로는 20~24세 4269명(29.9%), 25~29세 6193명(43.4%), 30∼39세 3236명(22.7%), 40∼49세 533명(3.7%)이었고 50세 이상은 46명(0.3%)이었다. ",0
20,7,여성 접수자도 38%로 지난해(38.2%)와 비슷한 비율을 나타냈다. ,0
20,8,"2018년도 국가공무원 5급 공채 및 외교관후보자 선발 제1차시험은 내달 10일에 전국 5개 지역(서울, 부산, 대구, 광주, 대전)에서 치러지며 제1차시험 합격자는 4월 9일 사이버국가고시센터를 통해 발표될 예정이다. ",0
21,0,"바른정당-국민의당 통합정당인 바른미래당 대전시당 통합추진위원회는 14일 국민권익위원회의 부패방지 시책평가에서 대전시가 2년 연속 최하위 등급을 받은 것에 대해 ""권선택 전 시장을 공천한 민주당이 책임져야 한다""고 주장했다.",1
21,1,"바른미래당 대전시당 통합추진위는 이날 대변인 명의 논평을 통해 ""지난 4년간 대전에서 벌어진 일을 되짚어보면 가슴이 답답하다""며 ""대전시가 왜 갑자기 전국에서 제일 부패지수가 높아졌는지 원인을 따지고 책임자를 규명해야 할 시점""이라고 밝혔다.",1
21,2,"바른미래당은 상수도 민영화 사업, 월평공원 민간특례사업, 용산동 관광휴양시설 개발 사업 등 시민단체와 갈등이 깊었던 사업들을 언급한 뒤 ""산하기관 채용비리와 인사비리가 끊임없이 이어졌지만, 대전시는 눈 하나 꿈쩍하지 않고 책임지지 않고 있다""고 비판했다.",0
21,3,"이어 ""책임은 시장에게 있지만 권 전 시장이 법을 어겨 시청에서 떠난 상황이니 이에 대한 책임은 권 전 시장을 공천한 민주당이 져야 한다""며 ""민주당은 '이게 대전의 모습이냐'라며 가슴앓이를 하고 있을 시민에게 사과하라""고 촉구했다.",0
22,0,북한이 평창 겨울올림픽에 참가하는 비용과 관련해 정부가 28억6000만원을 지원하는 안이 14일 의결됐다. ,1
22,1,이 금액은 남북협력기금에서 집행된다. ,0
22,2,정부는 이날 조명균 통일부 장관 주재로 남북교류협력추진협의회(교추협)를 열고 해당 지원안을 심의ㆍ의결했다. ,0
22,3,교추협이 의결한 금액 중 사상 최대 규모다.  ,0
22,4,"이번에 의결된 28억6000만원은 북한 응원단, 태권도 시범단, 기자단. 삼지연관현악단 등의 방한 일정에 소요된 경비다. ",0
22,5,"이번 지원은 지난 1월 남북 고위급 회담 및 실무회담에서 우리 정부가 북한의 대표단 파견과 관련해 편의 제공을 하기로 합의한 데 따른 것으로, 남북협력기금법 제8조에 근거해 의결했다고 통일부는 밝혔다. ",0
22,6,그동안 북한 선수단ㆍ응원단에 대한 지원액은 2002년 부산 아시안게임 당시 13억5500만원이 최대 규모였다.   ,0
22,7,이번에 액수가 두 배 이상 뛴 이유에 대해 백 대변인은 “올림픽 경기장 입장료가 많이 나가기 때문”이라며 “입장료에만 약 10억원이 들어갔다”고 설명했다. ,0
22,8,"이외에 숙식비가 12억원, 수송비가 1억원 정도로 책정됐다. ",0
22,9,백 대변인은 “선수단 규모는 작지만 응원단이나 예술단(삼지연관현악단) 등 인원이 많아서 편의제공 비용이 많이 들었다”고 말했다.,0
22,10,"해당 금액은 평창 올림픽 조직위원회와 대한체육회, 세계태권도연맹 등 행사 주관 기관 및 단체에 지원된다. ",0
22,11,백 대변인은 “사후 정산 방식이기 때문에 실제 집행 금액은 이보다 줄어들 것”이라고 덧붙였다.  ,0
22,12,북한 김영남 최고인민회의 상임위원장과 김정은 북한 노동당 위원장의 동생 김여정 노동당 중앙위 제1부부장(왼쪽) 일행이 10일 강원 강릉시 스카이베이 경포호텔에서 마련된 '통일부 장관 주재 남북고위급 만찬장'에 참석하고 있다. ,0
22,13,정부는 이들의 체류 비용을 남북 회담 관련 행사 비용에서 지출했다고 14일 밝혔다.,0
22,14,다만 이번 지원금액엔 현송월 삼지연관현악단 단장의 사전답사 방한 체류비(1월21~22일)와 북한 선수단 선발대 방한 경비(1월25~27일) 2700만원은 빠졌다. ,0
22,15,또 지난 9~11일 방한한 북한 김여정 노동당 제1부부장 등 고위급 대표단의 체류 비용도 포함되지 않았다. ,0
22,16,백태현 통일부 대변인은 “고위급 대표단의 경비는 남북회담 예산이 사용됐다”고 말했으나 구체적 금액은 밝히지 않았다. ,1
22,17,3월 9~18일 평창 패럴림픽에 참가하는 북한 선수단 약 150명에 대한 지원 금액도 추가 의결해야 한다.  ,1
22,18,한편 통일부 천해성 차관은 이날 오후 추궈훙(邱國洪) 주한 중국대사와 마크 내퍼 주한 미국 대사대리를 연이어 만나 북한 고위급 대표단의 방한 결과를 설명했다. ,0
22,19,내퍼 대사대리 면담은 당일 오전에야 공지됐다. ,0
22,20,이에 대해 백 대변인은 “미국의 요청으로 면담을 하게 된 것”이라고 설명했다.  ,0
23,0,더불어민주당은 14일 최고위원회의에서 최근 김우남 위원장의 사퇴로 공석이 된 제주도당 위원장에 위성곤 의원(서귀포시)을 임명했다. ,1
23,1,위 의원은 이에따라 경선관리를 비롯해 6·13 제주도지사.제주도의원 선거를 진두지휘해야 하는 중책을 맡게 됐다. ,0
23,2,"위 의원은 ""중요한 시기에 중책을 맡아 어깨가 무거운 것이 사실이지만 당에서 역할을 주신 만큼, 당원과 소통을 강화하는 한편 공정하고 투명한 경선관리, 인재 영입 등을 통해 오는 6월 지방선거에서 더불어민주당이 승리하는데 혼신의 힘을 다하겠다""고 밝혔다. ",1
23,3,"또 ""임기가 다하는 날까지 더불어민주당 도당위원장으로서, 당원들은 물론 제주도민들과 함께 문재인 정부의 성공과 제주발전을 위해 열심히 뛰겠다""고 말했다. ",1
23,4,"위 의원은 조만간 당원, 당직자 등과 만남을 갖고, 조직정비와 함께 선거전략을 구체화해 나갈 계획이다. ",0
23,5,"위 의원은 지난 제19대 대선에서 중앙선대위 총괄부본장와 농수축산 특보단의 공동단장을 맡아 대선승리를 위해 노력해 왔으며, 현재 더불어민주당 전국농어민위원회 위원장과 원내 지방분권부 대표로 활동하고 있다. ",0
24,0,이낙연 국무총리는 유리 라타스 에스토니아 총리와 14일 면담했다. ,1
24,1,라타스 총리는 평창 동계올림픽을 계기로 방한했다. ,0
24,2,이 총리는 이날 정부서울청사에서 라타스 총리를 만나 전자정부·스타트업·사이버 안보 등 디지털 분야 협력와 한반도 정세 등 관심사에 대해 의견을 교환했다. ,1
24,3,"이 총리는 ""한국과 에스토니아는 작은 국토와 부족한 자원의 한계를 극복하고 우수한 인적자원을 기반으로 발전을 이룩했다는 공통점이 있다. ",1
24,4,"특히 양국은 4차 산업혁명 시대를 앞두고 전자정부, 스타트업 육성 등 디지털 분야에서 협력 잠재력이 크다""고 말했다. ",0
24,5,그러면서 이 총리는 최근 합의된 한국과 발트3국 간 경제공동위 출범으로 구체적이고 실질적인 협력방안 모색을 기대한다.,0
24,6,"디지털-5'를 통해 전자정부는 물론 스타트업 및 사이버 안보 분야에서도 양국 간 교류와 협력을 강화해 나가자""고 했다.",0
24,7,"디지털-5'는 우리나라와 에스토니아, 영국, 뉴질랜드, 이스라엘 등 전자정부 5개 선도국의 장관급 협의체다. ",0
24,8,라타스 총리는 에스토니아의 수도 탈린에 북대서양조약기구(NATO) 사이버방어협력센터가 설치돼 있다는 점을 들면서 사이버안보와 디지털 분야에서 양국 간 협력 강화를 희망했다. ,0
25,0,올해 국가공무원 5급 공채와 외교관후보자 선발시험의 경쟁률은 평균 37.3대1인 것으로 집계됐다.,1
25,1,인사혁신처는 2018년도 국가공무원 5급 공채와 외교관후보자 선발시험 응시원서를 접수한 결과 383명 선발에 1만4277명이 지원했다고 14일 밝혔다.,1
25,2,올해 접수인원은 지난해(383명 선발·1만5725명 접수)보다 1488명(9.2%) 감소한 것이며 경쟁률도 다소 하락했다.,0
25,3,"최근 5년간 경쟁률을 살펴보면 2013년에서 2016년까지 31.7대1, 32대1, 35.8대1, 44.4대1로 상승 추세를 보이다 지난해 41.1대1로 다소 내렸고 올해에도 하락했다.",0
25,4,"접수인원과 경쟁률이 지난해보다 줄어든 것과 관련해 인사처는 ""수험가에서는 지난해부터 제1차 시험에 도입된 헌법 과목에 대한 준비가 부족한 일부 수험생이 지원을 포기한 영향으로 보고 있다""고 설명했다.",0
25,5,"주요 모집 직군별 경쟁률은 5급 행정직군 40대1, 5급 기술직군 32.7대1, 외교관후보자 28.6대1이었으며, 모집단위로는 검찰직이 가장 높은 122대1의 경쟁률을 기록했다.  ",0
25,6,접수자의 평균 연령은 27.7세로 지난해(27.5세)와 비슷했다. ,0
25,7,"연령별로는 20~24세 4269명(29.9%), 25~29세 6193명(43.4%), 30대 3236명(22.7%), 40대 533명(3.7%)이었고, 50대 이상은 46명(0.3%)이었다.",0
25,8,여성 접수자도 38%로 지난해(38.2%)와 비슷한 비율을 나타냈다.,0
25,9,2018년도 국가공무원 5급 공채와 외교관후보자 선발 제1차시험은 다음달 10일에 전국 5개 지역(서울·부산·대구·광주·대전)에서 치러진다.,0
25,10,제1차시험 합격자는 4월9일 사이버국가고시센터(gosi.kr)로 발표할 예정이다.,0
26,0,"이낙연 국무총리는 14일 정부서울청사에서 평창 동계올림픽을 계기로 방한한 유리 라타스 에스토니아 총리를 면담하고 올림픽을 비롯해 디지털 분야 협력, 한반도 정세 등 상호 관심사에 대해 의견을 교환했다.",1
26,1,우선 이 총리는 평창올림픽 참관을 위해 칼유라이드 대통령뿐만 아니라 라타스 총리도 방한하는 등 에스토니아 정부가 보여준 큰 관심에 감사를 표명하고 에스토니아 선수단의 선전을 기원했다.,1
26,2,"에스토니아는 크로스컨트리 스키, 바이애슬론, 스키점프, 노르딕 복합, 스피드스케이팅, 알파인 스키 등 6개 종목에 22명의 선수단을 파견했다.",0
26,3,라타스 총리는 평창올림픽이 성공적으로 개최되고 있음을 축하하고 이번 방문을 계기로 한-에스토니아 관계가 더욱 발전하도록 협력해 나가자고 했다.,0
26,4,칼유라이드 에스토니아 대통령은 지난 6일 방한해 문재인 대통령과 정상회담을 한 뒤 12일까지 머물렀다.,0
26,5,"이 총리는 ""한국과 에스토니아가 작은 국토와 부족한 자원의 한계를 극복하고 우수한 인적자원을 기반으로 발전을 이룩했다는 점에서 공통점이 있다""며 ""특히 양국은 4차 산업혁명 시대를 앞두고 전자정부, 스타트업 육성 등 디지털 분야에서의 협력 잠재력이 크다""고 평가했다.",0
26,6,"이 총리는 또 ""최근 합의한 한국과 발트3국간 경제공동위 출범으로 구체적이고 실질적인 협력방안 모색을 기대한다""며 ""'디지털-5'로 전자정부는 물론 스타트업과 사이버 안보 분야에서도 양국 간 교류와 협력을 강화해 나가자""고 했다.",0
26,7,'디지털(Digital)-5'는 2014년 창설된 전자정부 선도국 5개국(한국·에스토니아·영국·뉴질랜드·이스라엘)의 장관급 협의체로서 전자정부 최신경향과 주요이슈 등 논의한다.,0
26,8,이에 라타스 총리는 공감을 표하며 수도 탈린에 나토(NATO) 사이버방어협력센터가 설치돼 있다고 소개하고 사이버안보와 디지털 분야에서 양국 간 협력강화를 희망했다.,0
26,9,이어 올해 11월말 에스토니아에서 개최되는 '디지털 서밋'(Digital Summit) 회의에 이 총리를 초청했다.,0
26,10,이 총리는 평창올림픽을 계기로 복원된 남북대화 기회를 잘 살려 궁극적으로 한반도에 평화가 정착되도록 에스토니아를 포함한 국제사회가 지속해서 협력해달라고 당부했다.,0
26,11,"라타스 총리는 ""문제해결 방법으로는 대화밖에 없다""면서 북핵문제의 평화적 해결을 위한 한국정부의 노력을 전적으로 지지한다고 했다. ",0
26,12,또 평창올림픽이 평화올림픽으로서 한반도 평화조성에 기여해 나가기를 기원했다.,0
27,0,인천광역시가 '재정위기주의단체'에서 탈출하고 '제2의 경제도시'로 도약한다는 결의를 다짐했다.,1
27,1,유 시장은 “마침내 인천시가 부채도시 오명을 벗고 드디어 ‘재정정상단체’로의 전환을 해냈다”며 “300만 인천 시민과 공직자들이 이뤄낸 쾌거”라며 기쁜 마음으로 재정정상단체 전환을 공식적으로 선언했다.,0
27,2,"그는 이어 “인천시 때문에 문지방이 1cm는 닳았다는 말을 들을 정도로 중앙정부를 방문하고 설득해, 민선 5기보다 무려 4조370억 원이나 많은 국비지원금을 받아냈다”며 직원들의 노고를 치하했다.",0
27,3,"행정안전부는 지난 12일 지방재정위기관리위원회를 열고 인천시의 재정위기 주의 등급을 해제하고, 지난 13일 인천시에 공식적으로 통보했다.",0
27,4,전국 유일의 ‘재정위기주의단체’로 남아있던 인천시는 지정 2년7개월 만에 정상단체로 전환된 것이다.,1
27,5,인천시는 지난해 9월 말 기준 채무비율이 2분기 연속 재정위기 주의단체 해제기준인 25% 미만을 충족했다.,1
27,6,"유 시장은 지난 13일 공식 기자회견을 통해 “시는 재원부족으로 군ㆍ구 및 교육청 등에 지급하지 못한, 통계에 잡히지 않는 숨겨진 채무 6920억원까지 해소했고 지난 3년간 실질적으로 3조7000억원 이상의 부채를 감축했다”며 “이 가운데 재정정산단체 판단기준이 되는 시 본청의 금융채무는 최고치에 달했던 지난 2014년 말 대비 3년 동안 1조원 이상을 줄였다”고 말했다.",0
27,7,유 시장은 이어 “인천의 재정건전화는 그 누구도 부정하거나 평가절하할 수 없고 해서도 안되는 시민 노력의 결정체”라며 “재정건전화의 가치를 훼손하는 그 어떤 정치 과잉적 시도도 없어야 한다”고 덧붙였다.,0
27,8,"시는 2018년 재정정상단체 전환을 목표로 재정건전화 3개년 계획을 수립하고 재정기획관실을 신설, 누락 세원 발굴에 초점을 맞췄다. ",0
27,9,전국의 리스ㆍ렌트 차량의 53% 등록지를 인천에 유치해 지난 2015년부터 최근 4년간 1조1500억원의 취득세와 자동차세를 확보했다. ,0
27,10,또한 시 공무원들은 5일 치 연가보상비와 연 31억원에 이르는 시간 외 수당을 포기하고 시장과 각 국장의 시책 업무추진비도 지난 3년간 30%이상 줄여나가기도 했다.,0
27,11,"이러한 과정을 거쳐 지난 2014년 13조2000억원에 달했던 부채를 3조4000억원가량 줄였으며 채무비율 또한 지난해 1분기 31.1%, 2분기 24.1%, 3분기 22.9%, 4분기 21.9%까지 낮춰왔다.",0
27,12,"하지만, 시는 본청의 채무 2조원을 포함한 10조원 이상의 부채가 남아있다.",0
27,13,"지난해 12월 말 기준 시 본청과 공사ㆍ공단을 포함한 인천의 총 부채는 10조1075억원으로 이 가운데 시 본청 금융채무가 2조2448억원, 나머지는 인천도시공사 등의 채무다.",0
27,14,"시는 올해를 시작으로 한해 평균 2000억원씩 부채를 갚아나가 오는 2020년까지 시 본청의 채무를 1조2520억원, 채무비율을 11.1%까지 내리겠다는 목표를 설정했다. ",0
27,15,시 관계자는 “기존에 시행해오던 리스ㆍ렌트 차량 등록지 인천 유치와 도시공사의 대규모 사업 등을 통해 부채 감축이 가능할 것으로 전망한다”고 말했다.,0
28,0,"청와대가 사회적으로 논란이 일고 있는 암호화폐(가상화폐) 규제와 관련,'거래 투명화를 최우선 과제로 삼고 거래 과정에서 불투명성으로 인한 선의의 피해가 없도록 하겠다'는 입장을 14일 밝혔다. ",1
28,1,청와대는 이날 가상화폐와 관련한 국민 청원에 이같은 답변을 내놨다. ,0
28,2,이 청원에는 지난해 12월28일부터 한달간 28만8295명이 참여했다. ,0
28,3,"답변에 나선 홍남기 국무조정실장은 암호화폐와 관련, ""비트코인과 같은 암호화폐 자체, 암호화폐를 거래하는 행위, 암호화폐의 기반기술이 되는 블록체인 기술 등 3가지가 중요하다""고 제시했다.",1
28,4,"이어 홍 실장은 ""정부가 상대적으로 중점을 둔 부분은 암호화폐에 대한 거래행위 분야""라며 ""정부는 시장 상황과 국제 동향을 예의주시하면서 모든 가능성을 열어놓고 세심하게, 신중하게 접근을 해오고 있다""고 말했다.",1
28,5,"홍 실장은 그러면서 ""정부가 현행법 테두리 내에서 암호화폐 거래를 투명화하는 문제를 최우선 과제로 두고 있다""며 ""본인이 확인되지 않는 가상계좌로 자금세탁을 하는 등 바람직하지 않은 일들이 점검과정에서 나타났는데 이에 정부가 지난달부터 '암호화폐 거래실명제'를 도입해서 시행하고 있다""고 밝혔다.",0
28,6,"홍 실장은 ""암호화폐 거래사이트 폐쇄에 대해서는 정부 내에서도 다양한 의견이 있지만, 글로벌 논의 동향과 기술의 발전 양상 등을 종합적으로 살피면서 면밀히 검토해나갈 예정""이라면서 ""과세형평성 차원에서도 기획재정부를 중심으로 여러 부처에서 외국의 암호화폐 과세사례 등을 검토하고 있어 곧 암호화폐 과세방안도 마련될 것으로 본다""고 말했다.",0
28,7,"홍 실장은 또 ""블록체인 기술은 물류, 보안, 의류 등 여러 산업과 접목해 유용하게 활용할 4차 산업혁명 시대의 핵심 기술""이라며 ""올해 블록체인 관련 예산을 크게 늘렸고 상반기 안에 '블록체인 산업발전 기본계획’'도 발표할 계획""이라고 말했다.",0
28,8,"홍 실장은 그러나 ""(암호화폐 시장은) 하루에도 여러번 크게 변동하는 시장으로 거래에 참여하는 사람들이 신중히 판단해 달라""면서 ""불법행위로 피해를 보는 사람이 있거나, 거래 과정에서 불투명성으로 선의의 피해를 누군가가 보고 있다면 이를 보호하는 것은 응당 국가의 책무""라고 말했다.",0
29,0,북한 김정은 노동당 위원장이 지난 13일 군 인사를 하면서 핵ㆍ미사일 도발 핵심전력인 전략군에게 대거 '별'을 달아줬다.,1
29,1,북한은 김일성 생일(4월15일)과 김정일 생일(2월16일)을 앞두고 군 인사를 발표해왔다. ,0
29,2,그러나 이번 전략군 인사는 김정은이 지난해 미국 본토까지 타격 가능하다고 주장한 대륙간탄도미사일(ICBM) 등의 개발로 ‘핵무력 완성’을 주장한 것과 맞물려 주목된다.    ,0
29,3,김정은은 지난 1월 신년사에서 “지난해 특출난 성과는 국가 핵무력 완성의 역사적 대업을 성취한 것”이라며 “바로 1년 전 나는 (미사일) 시험 발사 준비 사업을 공표했으며 지난해 한 해 여러 차례 시험 발사들을 달성했다”고 말했다. ,0
29,4,이런 시험 발사를 담당한 곳이 전략군이다. ,0
29,5,김정은은 2011년 권력을 잡은 뒤 이전엔 전략로켓사령부였던 것을 2014년 전략군 단독 편제로 확대 개편했다. ,0
29,6,이번 전략군 대거 승진 인사는 지난해 ICBM 시험발사 성공에 대한 포상의 성격이 강하다. ,1
29,7,조한범 통일연구원 선임연구위원은 “전략군은 김정은에게 핵심 자산”이라며 “북한이 지난해 달성했다고 주장하는 핵무력 완성에 대해 김정은이 공식적으로 치하를 해준 의미를 갖는다”고 말했다.    ,1
29,8,이는 김정은이 지난 9~11일 여동생 김여정 당 제1부부장을 특사로 보내는 등 매력 공세를 취하는 와중에서도 전략군에 무게를 싣는 행보다.   ,0
29,9,북한 전문가인 남성욱 고려대 행정대학원장은 “현재는 전면적인 대화 공세를 펼치고 있으나 언제든지 도발을 할 수 있다는 것을 내비치는 투트랙 행보”라고 풀이했다.  ,0
30,0,"전주시가 도심 흉물로 방치된 빈집을 정비해 반값 임대주택과 주민쉼터, 공용텃밭, 주차장 등 주민들을 위한 공간으로 제공한다.",1
30,1,시는 올해 2억4천만원을 들여 시민들의 쾌적하고 안전한 삶을 위한 '도심 빈집정비 주민 공간조성사업'을 추진한다고 14일 밝혔다.,1
30,2,사업은 도심 속에 장기간 방치되면서 도시 미관을 저해시키고 각종 안전사고나 범죄·방화 등의 우려가 큰 빈집을 정비하는 사업이다. ,0
30,3,시는 올해 빈집 소유주 등을 대상으로 27일까지 신청받아 총 12개 동을 정비한다.,0
30,4,"최종 사업대상은 안전사고 위험성과 미관이나 주거환경개선 기대 정도, 주민 접근성 등을 종합적으로 검토해 결정한다. ",0
30,5,특히 빈집 소유자의 동의를 받아 빈집을 리모델링한 후 저소득층이나 학생 등 주거 취약계층에게 5년 이상 주변 시세의 반값에 임대하기로 했다.,0
30,6,이와 함께 철거한 빈집 공터를 지역 주차장이나 주민 소통공간으로 활용할 수 있는 쉼터 또는 공용텃밭 등으로 제공하는 사업도 추진한다.,0
31,0,20대 국회의원들이 지방분권개헌에 압도적으로 찬성하고 있는 것으로 나타났다.,1
31,1,"다만, 개헌국민투표 시기를 놓고는 자유한국당과 다른 정당 의원들간에 뚜렷한 입장 차이를 보였다.",0
31,2,지방분권개헌국민회의(이하 지방분권회의)는 14일 지방분권개헌과 관련해 국회의원들을 상대로 설문조사한 결과 응답 의원 전원이 분권개헌에 찬성했다고 밝혔다.,0
31,3,"앞서 지방분권회의는 지난해 12월14일부터 올해 1월15일까지 20대 국회의원 296명에게 설문조사 질의서를 발송했으며, 36%인 107명으로부터 응답을 받았다.",0
31,4,"정당별 응답자는 더불어민주당 58명(54%), 자유한국당 28명(26%), 국민의당 14명(13%), 정의당 6명(6%), 바른정당 1명(1%)이다. ",0
31,5,조사 결과 지방분권개헌 자체에 대해서는 응답자 107명 모두 찬성 입장을 나타냈다.,1
31,6,개헌국민투표 시기에 대해서는 78%(83명)가 '지방선거와 동시에 실시해야 한다'고 답했다.,1
31,7,"반면 자유한국당 소속 의원 21명(20%)은 '지방선거 이후 실시해야 한다'고 답했으며, 일부는 입장을 '유보'했다.",0
31,8,"지방분권개헌 국회추진단 참여에 대해서는 71%(76명)가 찬성, 20%(22명)는 반대했고, 나머지는 '고민 후 결정하겠다'는 입장을 보였다.",0
31,9,"지방분권개헌 국회추진단은 국회와 정당에서 지방분권개헌에 대한 공동감대를 형성하고 지지를 확산하자는 취지로 김두관, 이종배, 유성엽, 김세연, 노회찬 의원을 공동 단장으로 추대해 지난해 11월15일 출범했다.",0
31,10,"또 지방분권개헌 내용 중 '기본권으로서의 주민자치권 보장'에 91명, '지역격차 해결을 위한 지역간 재정조정제도 도입'에 84명, '지방정부의 입법권·재정권·조직권 보장'에 72명, '헌법 제1조 3항에 대한민국은 지방분권 국가임을 선언한다'는데 70명이 동의한 것으로 나타났다.",0
31,11,"지방분권회의 측은 ""지방분권개헌은 더 이상 거스를 수 없는 시대적 과제이며 사명이다. ",0
31,12,"국회와 정당이 국민과 약속한대로 6월 지방선거 동시개헌을 차질없이 이행하기 위한 노력과 결단만 남았다""며 각 정당에 대해 구체적인 개헌안을 내놓고 대화협상에 적극 나설 것을 촉구했다.",0
